{
  "no": [
    {
      "id": "1",
      "uname": "okay",
      "phoneno": "Watch"
    },
    {
      "id": "7f60",
      "uname": "",
      "phoneno": ""
    },
    {
      "id": "66d6",
      "uname": "",
      "phoneno": ""
    },
    {
      "id": "4826",
      "uname": "",
      "phoneno": ""
    },
    {
      "id": "4eba",
      "uname": "",
      "phoneno": ""
    },
    {
      "id": "36a6",
      "uname": "",
      "phoneno": ""
    },
    {
      "id": "51ff",
      "uname": "",
      "phoneno": ""
    },
    {
      "id": "1fd4",
      "uname": "Bhavesh",
      "phoneno": "3344222561"
    },
    {
      "id": "eed3",
      "uname": "Rahul",
      "phoneno": "09734012342"
    },
    {
      "id": "58e7",
      "uname": "Rahul",
      "phoneno": "9734012342"
    },
    {
      "id": "6733",
      "uname": "Rahul",
      "phoneno": "9734012342"
    }
  ]
}