{
  "see": [
    {
      "email": "abc@gamil.com",
      "password": 123,
      "id": "3609"
    },
    {
      "id": "c798",
      "email": "Rahul@gmail.com",
      "password": "214567"
    },
    {
      "id": "46c6",
      "email": "jay@gmail.com",
      "password": "214567"
    },
    {
      "id": "0213",
      "email": "rohan@gmai.com",
      "password": "123451"
    },
    {
      "id": "0dcd",
      "email": "Mohit@gmail.com",
      "password": "245790"
    },
    {
      "id": "011a",
      "email": "Mohit@gmail.com",
      "password": ""
    },
    {
      "id": "c073",
      "email": "Mohit@gmail.com",
      "password": ""
    },
    {
      "id": "47b3",
      "email": "Mohit@gmail.com",
      "password": ""
    },
    {
      "id": "a633",
      "email": "Mohit@gmail.com",
      "password": ""
    }
  ]
}